{"client_meta":{"background_color":{"r":0.11764705926179886,"g":0.11764705926179886,"b":0.11764705926179886,"a":1},"thumbnail_size":{"width":400,"height":360},"render_coordinates":{"x":-744,"y":-125,"width":2142,"height":1927}},"file_name":"Untitled","developer_related_links":[],"exported_at":"2026-05-31T08:34:48.881Z"}